{
    "mean": [
        0.6767115225427628
    ],
    "std": [
        0.43146029978533096
    ]
}